-- MariaDB dump 10.17  Distrib 10.5.1-MariaDB, for debian-linux-gnu (x86_64)
--
-- Host: 172.17.0.11    Database: tesatnsimbtesadb
-- ------------------------------------------------------
-- Server version	5.6.50-log

/*!40101 SET @OLD_CHARACTER_SET_CLIENT=@@CHARACTER_SET_CLIENT */;
/*!40101 SET @OLD_CHARACTER_SET_RESULTS=@@CHARACTER_SET_RESULTS */;
/*!40101 SET @OLD_COLLATION_CONNECTION=@@COLLATION_CONNECTION */;
/*!40101 SET NAMES utf8mb4 */;
/*!40103 SET @OLD_TIME_ZONE=@@TIME_ZONE */;
/*!40103 SET TIME_ZONE='+00:00' */;
/*!40014 SET @OLD_UNIQUE_CHECKS=@@UNIQUE_CHECKS, UNIQUE_CHECKS=0 */;
/*!40014 SET @OLD_FOREIGN_KEY_CHECKS=@@FOREIGN_KEY_CHECKS, FOREIGN_KEY_CHECKS=0 */;
/*!40101 SET @OLD_SQL_MODE=@@SQL_MODE, SQL_MODE='NO_AUTO_VALUE_ON_ZERO' */;
/*!40111 SET @OLD_SQL_NOTES=@@SQL_NOTES, SQL_NOTES=0 */;

--
-- Table structure for table `character`
--

DROP TABLE IF EXISTS `character`;
/*!40101 SET @saved_cs_client     = @@character_set_client */;
/*!40101 SET character_set_client = utf8 */;
CREATE TABLE `character` (
  `id` int(11) NOT NULL AUTO_INCREMENT,
  `id_game` int(11) NOT NULL,
  `name` varchar(100) CHARACTER SET latin1 NOT NULL,
  `css_class` varchar(100) CHARACTER SET latin1 DEFAULT NULL,
  `filename` varchar(250) CHARACTER SET latin1 DEFAULT NULL,
  `tstp_create` timestamp NOT NULL DEFAULT CURRENT_TIMESTAMP,
  `tstp_update` timestamp NOT NULL DEFAULT CURRENT_TIMESTAMP ON UPDATE CURRENT_TIMESTAMP,
  PRIMARY KEY (`id`),
  KEY `character_fk1` (`id_game`),
  CONSTRAINT `character_fk1` FOREIGN KEY (`id_game`) REFERENCES `game` (`id`)
) ENGINE=InnoDB AUTO_INCREMENT=225 DEFAULT CHARSET=utf8 COLLATE=utf8_bin;
/*!40101 SET character_set_client = @saved_cs_client */;

--
-- Dumping data for table `character`
--

LOCK TABLES `character` WRITE;
/*!40000 ALTER TABLE `character` DISABLE KEYS */;
INSERT INTO `character` VALUES (1,1,'Ryu','ryu','Ryu.png','2018-08-30 22:12:45','2018-08-30 23:03:39'),(2,1,'Ken','ken','Ken.png','2018-08-30 22:12:45','2018-08-30 23:03:50'),(3,1,'ChunLi','chunli','Chun-Li.png','2018-08-30 22:12:45','2018-08-30 23:05:55'),(4,1,'Akuma','akuma','Gouki.png','2018-08-30 22:12:45','2018-08-30 23:03:16'),(5,1,'Abigail','abigail','Abigail.png','2018-08-30 22:12:45','2018-08-30 23:04:24'),(6,1,'Alex','alex','Alex.png','2018-08-30 22:12:45','2018-08-30 23:04:37'),(7,1,'Balrog','balrog','Balrog.png','2018-08-30 22:12:45','2018-08-30 23:04:47'),(8,1,'Birdie','birdie','Birdie.png','2018-08-30 22:12:45','2018-08-30 23:05:01'),(9,1,'Bison','bison','M.Bison.png','2018-08-30 22:12:45','2018-08-30 23:05:17'),(10,1,'Blanka','blanka','Blanka.png','2018-08-30 22:12:45','2018-08-30 23:05:27'),(11,1,'Cammy','cammy','Cammy.png','2018-08-30 22:12:45','2018-08-30 23:05:40'),(12,1,'Dhalsim','dhalsim','Dhalsim.png','2018-08-30 22:12:45','2018-08-30 23:19:10'),(13,1,'Ed','ed','ED.png','2018-08-30 22:12:45','2018-08-30 23:19:23'),(14,1,'Fang','fang','F.A.N.G.png','2018-08-30 22:12:45','2018-08-30 23:19:50'),(15,1,'Guile','guile','Guile.png','2018-08-30 22:12:45','2018-08-30 23:21:04'),(16,1,'Ibuki','ibuki','Ibuki.png','2018-08-30 22:12:45','2018-08-30 23:21:20'),(17,1,'Juri','juri','Juri.png','2018-08-30 22:12:45','2018-08-30 23:21:33'),(18,1,'Karin','karin','Karin.png','2018-08-30 22:12:45','2018-08-30 23:21:44'),(19,1,'Kolin','kolin','Kolin.png','2018-08-30 22:12:45','2018-08-30 23:21:56'),(20,1,'Laura','laura','Laura.png','2018-08-30 22:12:45','2018-08-30 23:22:05'),(21,1,'Menat','menat','Menat.png','2018-08-30 22:12:45','2018-08-30 23:22:14'),(22,1,'Mika','mika','Mika.png','2018-08-30 22:12:45','2018-08-30 23:22:23'),(23,1,'Nash','nash','Nash.png','2018-08-30 22:12:45','2018-08-30 23:22:32'),(24,1,'Necali','nekali','Necali.png','2018-08-30 22:12:45','2018-08-30 23:22:42'),(25,1,'Rashid','rashid','Rashid.png','2018-08-30 22:12:45','2018-08-30 23:22:53'),(26,1,'Sakura','sakura','Sakura.png','2018-08-30 22:12:45','2018-08-30 23:23:09'),(27,1,'Vega','vega','Vega.png','2018-08-30 22:12:45','2018-08-30 23:23:58'),(28,1,'Urien','urien','Urien.png','2018-08-30 22:12:45','2018-08-30 23:23:40'),(29,1,'Zangief','zangief','Zangief','2018-08-30 22:12:45','2018-08-30 23:24:09'),(30,1,'Zeku','zeku','Zeku.png','2018-08-30 22:12:45','2018-08-30 23:24:17'),(31,1,'Falke','falke','Falke.png','2018-08-30 22:12:45','2018-08-30 23:19:34'),(32,1,'0Unknown','unknown','Unknown.png','2018-08-30 22:12:45','2018-08-30 23:02:15'),(33,1,'Cody','cody','Cody.png','2018-08-30 22:12:45','2018-08-30 23:06:45'),(34,1,'G','g','G.png','2018-08-30 22:12:45','2018-08-30 23:20:09'),(35,1,'Sagat','sagat','Sagat.png','2018-08-30 22:12:45','2018-08-30 23:23:02'),(36,1,'Kage','kage','Kage.png','2019-01-30 15:21:14','2019-01-30 15:22:29'),(37,2,'0Unknown','unknown','Unknown.png','2019-02-11 20:22:06','2019-02-11 20:22:06'),(38,2,'Alisa','alisa','Alisa.png','2019-02-11 20:22:06','2019-02-11 20:22:06'),(39,2,'Devil Jin','deviljin','DevilJin.png','2019-02-11 20:22:06','2019-02-11 20:22:06'),(40,2,'Asuka','asuka','Asuka.png','2019-02-18 10:00:46','2019-02-18 10:00:46'),(41,2,'Bob','bob','Bob.png','2019-02-18 10:00:46','2019-02-18 10:00:46'),(42,2,'Bryan','bryan','Bryan.png','2019-02-18 10:00:46','2019-02-25 10:53:57'),(43,2,'Claudio','claudio','Claudio.png','2019-02-18 10:00:46','2019-02-18 10:00:46'),(44,2,'Dragunov','dragunov','Dragunov.png','2019-02-18 10:00:46','2019-02-18 10:00:46'),(45,2,'Eddy','eddy','Eddy.png','2019-02-18 10:00:46','2019-02-18 10:00:46'),(46,2,'Gigas','gigas','Gigas.png','2019-02-18 10:00:46','2019-02-18 10:00:46'),(47,2,'Gouki','gouki','Gouki.png','2019-02-18 10:00:46','2019-02-18 10:00:46'),(48,2,'Heihachi','heihachi','Heihachi.png','2019-02-18 10:00:46','2019-02-18 10:00:46'),(49,2,'Hwoarang','hwoarang','Hwoarang.png','2019-02-18 10:00:46','2019-02-25 10:47:33'),(50,2,'Jack 7','jack7','Jack7.png','2019-02-18 10:05:57','2019-02-18 10:05:57'),(51,2,'Jin','jin','Jin.png','2019-02-18 10:05:57','2019-02-18 10:05:57'),(52,2,'Katarina','katarina','Katarina.png','2019-02-18 10:05:57','2019-02-18 10:05:57'),(53,2,'Kazuya','kazuya','Kazuya.png','2019-02-18 10:05:57','2019-02-18 10:05:57'),(54,2,'King','king','King.png','2019-02-18 10:05:57','2019-02-18 10:05:57'),(55,2,'Kuma','kuma','Kuma.png','2019-02-18 10:05:57','2019-02-18 10:05:57'),(56,2,'Chloe','chloe','L.Chloe.png','2019-02-18 10:05:57','2019-02-18 10:05:57'),(57,2,'Lars','lars','Lars.png','2019-02-18 10:05:57','2019-02-18 10:05:57'),(58,2,'Law','law','Law.png','2019-02-18 10:05:57','2019-02-18 10:05:57'),(59,2,'Lee','lee','Lee.png','2019-02-18 10:05:57','2019-02-18 10:05:57'),(60,2,'Leo','leo','Leo.png','2019-02-18 10:08:12','2019-02-18 10:08:12'),(61,2,'Lili','lili','Lili.png','2019-02-18 10:08:12','2019-02-18 10:08:12'),(62,2,'Lin','lin','Lin.png','2019-02-18 10:11:28','2019-02-18 10:11:28'),(63,2,'Raven','raven','M.Raven.png','2019-02-18 10:11:28','2019-02-18 10:11:28'),(64,2,'Miguel','miguel','Miguel.png','2019-02-18 10:11:28','2019-02-25 10:50:26'),(65,2,'Nina','nina','Nina.png','2019-02-18 10:11:28','2019-02-18 10:11:28'),(66,2,'Panda','panda','Panda.png','2019-02-18 10:11:28','2019-02-25 10:50:39'),(67,2,'Paul','paul','Paul','2019-02-18 10:11:28','2019-02-18 10:11:28'),(68,2,'Shaheen','shaheen','Shaheen.png','2019-02-18 10:11:28','2019-02-18 10:11:28'),(69,2,'Steve','steve','Steve.png','2019-02-18 10:11:28','2019-02-18 10:11:28'),(70,2,'Yoshimitsu','yoshimitsu','Yoshi.png','2019-02-18 10:11:28','2019-02-18 10:11:28'),(73,9,'Banjo Kazui','BanjoKazui','Banjo_Kazui_-_Super_Smash_Bros._Ultimate.png','2019-08-27 12:42:58','2019-08-27 12:42:58'),(74,9,'Bayonetta','Bayonetta','Bayonetta_-_Super_Smash_Bros._Ultimate.png','2019-08-27 12:42:58','2019-08-27 12:42:58'),(75,9,'Bowser Jr','BowserJr','Bowser_Jr._-_Super_Smash_Bros._Ultimate.png','2019-08-27 12:43:46','2019-08-27 12:43:46'),(76,9,'Bowser','Bowser','Bowser_-_Super_Smash_Bros._Ultimate.png','2019-08-27 12:43:46','2019-08-27 12:43:46'),(77,9,'Captain Falcon','CaptainFalcon','Captain_Falcon_-_Super_Smash_Bros._Ultimate.png','2019-08-27 12:50:57','2019-08-27 12:50:57'),(78,9,'Chrom','Chrom','Chrom_-_Super_Smash_Bros._Ultimate.png','2019-08-27 12:50:57','2019-08-27 12:50:57'),(79,9,'Cloud','Cloud','Cloud_-_Super_Smash_Bros._Ultimate.png','2019-08-27 12:50:57','2019-08-27 12:50:57'),(80,9,'Corrin','Corrin','Corrin_-_Super_Smash_Bros._Ultimate.png','2019-08-27 12:50:57','2019-08-27 12:50:57'),(81,9,'Daisy','Daisy','Daisy_-_Super_Smash_Bros._Ultimate.png','2019-08-27 12:50:57','2019-08-27 12:50:57'),(82,9,'Dark Pit','DarkPit','Dark_Pit_-_Super_Smash_Bros._Ultimate.png','2019-08-27 12:50:57','2019-08-27 12:50:57'),(83,9,'Dark Samus','DarkSamus','Dark_Samus_-_Super_Smash_Bros._Ultimate.png','2019-08-27 12:50:57','2019-08-27 12:50:57'),(84,9,'Diddy Kong','DiddyKong','Diddy_Kong_-_Super_Smash_Bros._Ultimate.png','2019-08-27 12:50:57','2019-08-27 12:50:57'),(85,9,'DonkeyKong','DonkeyKong','Donkey_Kong_-_Super_Smash_Bros._Ultimate.png','2019-08-27 12:50:57','2019-08-27 12:50:57'),(86,9,'Dr. Mario','DrMario','Dr._Mario_-_Super_Smash_Bros._Ultimate.png','2019-08-27 12:50:57','2019-08-27 12:50:57'),(147,9,'Duck Hunt','DuckHunt','Duck_Hunt_-_Super_Smash_Bros._Ultimate.png','2019-08-27 13:01:29','2019-08-27 13:01:29'),(148,9,'Falco','Falco','Falco_-_Super_Smash_Bros._Ultimate.png','2019-08-27 13:01:29','2019-08-27 13:01:29'),(149,9,'Fox','Fox','Fox_-_Super_Smash_Bros._Ultimate.png','2019-08-27 13:02:51','2019-08-27 13:02:51'),(150,9,'Ganondorf','Ganondorf','Ganondorf_-_Super_Smash_Bros._Ultimate.png','2019-08-27 13:02:51','2019-08-27 13:02:51'),(151,9,'Greninja','Greninja','Greninja_-_Super_Smash_Bros._Ultimate.png','2019-08-27 13:02:51','2019-08-27 13:02:51'),(152,9,'Hero','Hero','Hero_SSBU.png','2019-08-27 13:02:51','2019-08-27 13:02:51'),(153,9,'Ice Climbers','IceClimbers','Ice_Climbers_SSBU.png','2019-08-27 13:02:51','2019-08-27 13:02:51'),(154,9,'Ike','Ike','Ike_-_Super_Smash_Bros._Ultimate.png','2019-08-27 13:05:38','2019-08-27 13:05:38'),(155,9,'Incineroar','Incineroar','Incineroar_-_Super_Smash_Bros._Ultimate.png','2019-08-27 13:05:38','2019-08-27 13:05:38'),(156,9,'Inkling','Inkling','Inkling_-_Super_Smash_Bros._Ultimate.png','2019-08-27 13:05:38','2019-08-27 13:05:38'),(157,9,'Isabelle','Isabelle','Isabelle_-_Super_Smash_Bros._Ultimate.png','2019-08-27 13:05:38','2019-08-27 13:05:38'),(158,9,'Jigglypuff','Jigglypuff','Jigglypuff_-_Super_Smash_Bros._Ultimate.png','2019-08-27 13:05:38','2019-08-27 13:05:38'),(159,9,'Joker','Joker','Joker_-_Super_Smash_Bros._Ultimate.png','2019-08-27 13:05:38','2019-08-27 13:05:38'),(160,9,'Ken','Ken','Ken_-_Super_Smash_Bros._Ultimate.png','2019-08-27 13:05:38','2019-08-27 13:05:38'),(161,9,'King Dedede','KingDedede','King_Dedede_-_Super_Smash_Bros._Ultimate.png','2019-08-27 13:05:38','2019-08-27 13:05:38'),(162,9,'King K. Rool','KingKRool','King_K._Rool_-_Super_Smash_Bros._Ultimate.png','2019-08-27 13:05:38','2019-08-27 13:05:38'),(163,9,'Kirby','Kirby','Kirby_-_Super_Smash_Bros._Ultimate.png','2019-08-27 13:05:38','2019-08-27 13:05:38'),(164,9,'Link','Link','Link_-_Super_Smash_Bros._Ultimate.png','2019-08-27 13:08:50','2019-08-27 13:08:50'),(165,9,'Little Mac','LittleMac','Little_Mac_-_Super_Smash_Bros._Ultimate.png','2019-08-27 13:08:50','2019-08-27 13:08:50'),(166,9,'Lucario','Lucario','Lucario_-_Super_Smash_Bros._Ultimate.png','2019-08-27 13:08:50','2019-08-27 13:08:50'),(167,9,'Lucas','Lucas','Lucas_-_Super_Smash_Bros._Ultimate.png','2019-08-27 13:08:50','2019-08-27 13:08:50'),(168,9,'Lucina','Lucina','Lucina_-_Super_Smash_Bros._Ultimate.png','2019-08-27 13:08:50','2019-08-27 13:08:50'),(169,9,'Luigi','Luigi','Luigi_-_Super_Smash_Bros._Ultimate.png','2019-08-27 13:08:50','2019-08-27 13:08:50'),(170,9,'Mario','Mario','Mario_SSBU.png','2019-08-27 13:08:50','2019-08-27 13:08:50'),(171,9,'Marth','Marth','Marth_-_Super_Smash_Bros._Ultimate.png','2019-08-27 13:08:50','2019-08-27 13:08:50'),(172,9,'Mega Man','MegaMan','Mega_Man_-_Super_Smash_Bros._Ultimate.png','2019-08-27 13:08:50','2019-08-27 13:08:50'),(173,9,'Meta Knight','MetaKnight','Meta_Knight_-_Super_Smash_Bros._Ultimate.png','2019-08-27 13:08:50','2019-08-27 13:08:50'),(174,9,'Mewtwo','Mewtwo','Mewtwo','2019-08-27 13:12:48','2019-08-27 13:12:48'),(175,9,'Mii Brawler','MiiBrawler','Mii_Brawler_-_Super_Smash_Bros._Ultimate.png','2019-08-27 13:12:48','2019-08-27 13:12:48'),(176,9,'Mii Gunner','MiiGunner','Mii_Gunner_-_Super_Smash_Bros._Ultimate.png','2019-08-27 13:12:48','2019-08-27 13:12:48'),(177,9,'Mii Swordfighter','MiiSwordfighter','Mii_Swordfighter_-_Super_Smash_Bros._Ultimate.png','2019-08-27 13:12:48','2019-08-27 13:12:48'),(178,9,'Mr. Game & Watch','MrGameWatch','Mr._Game_&_Watch_-_Super_Smash_Bros._Ultimate.png','2019-08-27 13:12:48','2019-08-27 13:12:48'),(179,9,'Ness','Ness','Ness_-_Super_Smash_Bros._Ultimate.png','2019-08-27 13:15:49','2019-08-27 13:15:49'),(180,9,'Olimar','Olimar','Olimar_-_Super_Smash_Bros._Ultimate.png','2019-08-27 13:15:49','2019-08-27 13:15:49'),(181,9,'Pac-Man','PacMan','Pac-Man_-_Super_Smash_Bros._Ultimate.png','2019-08-27 13:15:49','2019-08-27 13:15:49'),(182,9,'Palutena','Palutena','Palutena_-_Super_Smash_Bros._Ultimate.png','2019-08-27 13:15:49','2019-08-27 13:15:49'),(183,9,'Peach','Peach','Peach_-_Super_Smash_Bros._Ultimate.png','2019-08-27 13:15:49','2019-08-27 13:15:49'),(184,9,'Pichu','Pichu','Pichu_-_Super_Smash_Bros._Ultimate.png','2019-08-27 13:15:49','2019-08-27 13:15:49'),(185,9,'Piranha Plant','PiranhaPlant','Piranha_Plant_-_Super_Smash_Bros._Ultimate.png','2019-08-27 13:15:49','2019-08-27 13:15:49'),(186,9,'Pit','Pit','Pit_-_Super_Smash_Bros._Ultimate.png','2019-08-27 13:15:49','2019-08-27 13:15:49'),(187,9,'Pokémon Trainer','PokémonTrainer','Pokémon_Trainer_SSBU.png','2019-08-27 13:15:49','2019-08-27 13:15:49'),(188,9,'Richter Belmont','RichterBelmont','Richter_Belmont_-_Super_Smash_Bros._Ultimate.png','2019-08-27 13:15:49','2019-08-27 13:15:49'),(189,9,'Ridley','Ridley','Ridley_-_Super_Smash_Bros._Ultimate.png','2019-08-27 13:18:26','2019-08-27 13:18:26'),(190,9,'Robin','Robin','Robin_-_Super_Smash_Bros._Ultimate.png','2019-08-27 13:18:26','2019-08-27 13:18:26'),(191,9,'R.O.B','ROB','R.O.B._-_Super_Smash_Bros._Ultimate.png','2019-08-27 13:18:26','2019-08-27 13:18:26'),(192,9,'Rosalina & Luma','RosalinaLuma','Rosalina_&_Luma_-_Super_Smash_Bros._Ultimate.png','2019-08-27 13:18:26','2019-08-27 13:18:26'),(193,9,'Roy','Roy','Roy_-_Super_Smash_Bros._Ultimate.png','2019-08-27 13:18:26','2019-08-27 13:18:26'),(194,9,'Ryu','Ryu','Ryu_-_Super_Smash_Bros._Ultimate.png','2019-08-27 13:18:26','2019-08-27 13:18:26'),(195,9,'Samus','Samus','Samus_-_Super_Smash_Bros._Ultimate.png','2019-08-27 13:18:26','2019-08-27 13:18:26'),(196,9,'Sheik','Sheik','Sheik_-_Super_Smash_Bros._Ultimate.png','2019-08-27 13:18:26','2019-08-27 13:18:26'),(197,9,'Shulk','Shulk','Shulk_-_Super_Smash_Bros._Ultimate.png','2019-08-27 13:18:26','2019-08-27 13:18:26'),(198,9,'Simon Belmont','SimonBelmont','Simon_Belmont_SSBU.png','2019-08-27 13:18:26','2019-08-27 13:18:26'),(199,9,'Snake','Snake','Snake_-_Super_Smash_Bros._Ultimate.png','2019-08-27 13:21:10','2019-08-27 13:21:10'),(200,9,'Sonic','Sonic','Sonic_-_Super_Smash_Bros._Ultimate.png','2019-08-27 13:21:10','2019-08-27 13:21:10'),(201,9,'Toon Link','ToonLink','Toon_Link_-_Super_Smash_Bros._Ultimate.png','2019-08-27 13:21:10','2019-08-27 13:21:10'),(202,9,'Villager','Villager','Villager_-_Super_Smash_Bros._Ultimate.png','2019-08-27 13:21:10','2019-08-27 13:21:10'),(203,9,'Wario','Wario','Wario_-_Super_Smash_Bros._Ultimate.png','2019-08-27 13:21:10','2019-08-27 13:21:10'),(204,9,'Wii Fit Trainer','WiiFitTrainer','Wii_Fit_Trainer_-_Super_Smash_Bros._Ultimate.png','2019-08-27 13:21:10','2019-08-27 13:21:10'),(205,9,'Wolf','Wolf','Wolf_-_Super_Smash_Bros._Ultimate.png','2019-08-27 13:21:10','2019-08-27 13:21:10'),(206,9,'Yoshi','Yoshi','Yoshi_-_Super_Smash_Bros._Ultimate.png','2019-08-27 13:21:10','2019-08-27 13:21:10'),(207,9,'Young Link','YoungLink','Young_Link_-_Super_Smash_Bros._Ultimate.png','2019-08-27 13:21:10','2019-08-27 13:21:10'),(208,9,'Zelda','Zelda','Zelda_-_Super_Smash_Bros._Ultimate.png','2019-08-27 13:21:10','2019-08-27 13:21:10'),(210,9,'Zero Suit Samus','ZeroSuitSamus','Zero_Suit_Samus_-_Super_Smash_Bros._Ultimate.png','2019-08-27 13:21:44','2019-08-27 13:21:44'),(211,9,'0Unknown','unknown','Unknown.png','2019-08-27 23:34:41','2019-08-27 23:36:30'),(212,1,'E. Honda','EHonda','EHonda.png','2019-08-28 12:37:11','2019-08-28 12:37:11'),(213,1,'Lucia','Lucia','Lucia.png','2019-08-28 12:37:11','2019-08-28 12:37:11'),(214,1,'Poison','Poison','Poison.png','2019-08-28 12:37:27','2019-08-28 12:37:27'),(215,2,'Anna','Anna','Anna.png','2019-08-28 12:57:09','2019-08-28 12:57:09'),(216,2,'Armor King','ArmorKing','ArmorKing.png','2019-08-28 12:57:09','2019-08-28 12:57:09'),(217,2,'Craig Marduk','CraigMarduk','Craig_Marduk_T7.png','2019-08-28 12:57:09','2019-08-28 12:57:09'),(218,2,'Eliza','Eliza','Eliza.png','2019-08-28 12:57:09','2019-08-28 12:57:09'),(219,2,'Feng','Feng','Feng.png','2019-08-28 12:57:09','2019-08-28 12:57:09'),(220,2,'Geese','Geese','Geese_T7.png','2019-08-28 12:57:09','2019-08-28 12:57:09'),(221,2,'Lei','Lei','Lei.png','2019-08-28 12:57:09','2019-08-28 12:57:09'),(222,2,'Negan','Negan','Negan_T7.png','2019-08-28 12:57:09','2019-08-28 12:57:09'),(223,2,'Noctis','Noctis','Noctis_T7.png','2019-08-28 12:57:09','2019-08-28 12:57:09'),(224,2,'',NULL,NULL,'2019-08-28 12:57:09','2019-08-28 12:57:09');
/*!40000 ALTER TABLE `character` ENABLE KEYS */;
UNLOCK TABLES;

--
-- Table structure for table `game`
--

DROP TABLE IF EXISTS `game`;
/*!40101 SET @saved_cs_client     = @@character_set_client */;
/*!40101 SET character_set_client = utf8 */;
CREATE TABLE `game` (
  `id` int(11) NOT NULL AUTO_INCREMENT,
  `code` varchar(20) CHARACTER SET latin1 NOT NULL,
  `name` varchar(150) CHARACTER SET latin1 NOT NULL,
  `id_char_unknown` int(11) DEFAULT NULL,
  PRIMARY KEY (`id`),
  KEY `GAME_CHAR_UNKNOWN` (`id_char_unknown`),
  CONSTRAINT `GAME_CHAR_UNKNOWN` FOREIGN KEY (`id_char_unknown`) REFERENCES `character` (`id`) ON DELETE NO ACTION ON UPDATE NO ACTION
) ENGINE=InnoDB AUTO_INCREMENT=11 DEFAULT CHARSET=utf8 COLLATE=utf8_bin;
/*!40101 SET character_set_client = @saved_cs_client */;

--
-- Dumping data for table `game`
--

LOCK TABLES `game` WRITE;
/*!40000 ALTER TABLE `game` DISABLE KEYS */;
INSERT INTO `game` VALUES (1,'SFV','Street Fighter V',32),(2,'T7','Tekken 7',37),(3,'DBFZ','Dragon Ball FighterZ',NULL),(4,'KOFXIV','The King of Fighters XIV',NULL),(5,'MVCI','Marvel vs Capcom Infinite',NULL),(6,'GGXR','Guilty Gear Xrd Revelator',NULL),(7,'SFIV','Street Fighter IV',NULL),(8,'MVC3','Marvel vs Capcom 3',NULL),(9,'SSBU','Super Smash Bros Ultimate',211),(10,'SamSho','Samurai Shodown',NULL);
/*!40000 ALTER TABLE `game` ENABLE KEYS */;
UNLOCK TABLES;

--
-- Table structure for table `historanking`
--

DROP TABLE IF EXISTS `historanking`;
/*!40101 SET @saved_cs_client     = @@character_set_client */;
/*!40101 SET character_set_client = utf8 */;
CREATE TABLE `historanking` (
  `id_update` int(11) NOT NULL,
  `id_player` int(11) NOT NULL,
  `date_creation` timestamp NOT NULL DEFAULT CURRENT_TIMESTAMP,
  `points` int(11) NOT NULL,
  `rank` int(11) NOT NULL,
  `id_game` int(11) NOT NULL,
  `id_char` int(11) NOT NULL,
  KEY `id_user` (`id_player`)
) ENGINE=InnoDB DEFAULT CHARSET=utf8 COLLATE=utf8_bin;
/*!40101 SET character_set_client = @saved_cs_client */;

--
-- Dumping data for table `historanking`
--

LOCK TABLES `historanking` WRITE;
/*!40000 ALTER TABLE `historanking` DISABLE KEYS */;
INSERT INTO `historanking` VALUES (1,7,'2018-05-05 16:14:08',220,2,1,29),(1,2,'2018-05-05 16:14:08',170,1,1,4),(1,6,'2018-05-05 16:14:08',115,3,1,9),(1,5,'2018-05-05 16:14:08',80,4,1,15),(1,3,'2018-05-05 16:14:08',70,5,1,22),(1,12,'2018-05-05 16:14:08',55,6,1,8),(1,14,'2018-05-05 16:14:09',45,100,1,15),(1,4,'2018-05-05 16:14:09',40,7,1,21),(1,9,'2018-05-05 16:14:09',35,8,1,6),(1,10,'2018-05-05 16:14:09',25,9,1,2),(1,15,'2018-05-05 16:14:09',25,100,1,2),(1,11,'2018-05-05 16:14:09',10,10,1,7),(1,1,'2018-05-05 16:14:09',10,10,1,20),(1,16,'2018-05-05 16:14:09',10,11,1,26),(1,13,'2018-05-05 16:14:09',5,100,1,5),(1,17,'2018-05-05 16:14:09',5,100,1,1),(1,18,'2018-05-05 16:14:09',1,12,1,24),(2,7,'2018-05-06 12:40:20',220,1,1,29),(2,2,'2018-05-06 12:40:20',170,2,1,4),(2,6,'2018-05-06 12:40:20',115,3,1,9),(2,5,'2018-05-06 12:40:20',80,4,1,15),(2,3,'2018-05-06 12:40:21',70,5,1,22),(2,12,'2018-05-06 12:40:21',55,6,1,8),(2,14,'2018-05-06 12:40:21',45,7,1,15),(2,4,'2018-05-06 12:40:21',40,8,1,21),(2,9,'2018-05-06 12:40:21',35,9,1,6),(2,10,'2018-05-06 12:40:21',25,10,1,2),(2,15,'2018-05-06 12:40:21',25,10,1,2),(2,11,'2018-05-06 12:40:21',10,12,1,7),(2,1,'2018-05-06 12:40:21',10,12,1,20),(2,16,'2018-05-06 12:40:21',10,12,1,26),(2,13,'2018-05-06 12:40:21',5,15,1,5),(2,17,'2018-05-06 12:40:21',5,15,1,1),(2,18,'2018-05-06 12:40:21',1,17,1,24),(3,7,'2018-05-06 12:53:25',220,1,1,29),(3,2,'2018-05-06 12:53:25',170,2,1,4),(3,6,'2018-05-06 12:53:25',115,3,1,9),(3,5,'2018-05-06 12:53:25',80,4,1,15),(3,3,'2018-05-06 12:53:25',70,5,1,22),(3,12,'2018-05-06 12:53:25',55,6,1,8),(3,14,'2018-05-06 12:53:25',45,7,1,15),(3,4,'2018-05-06 12:53:26',40,8,1,21),(3,9,'2018-05-06 12:53:26',35,9,1,6),(3,10,'2018-05-06 12:53:26',25,10,1,2),(3,15,'2018-05-06 12:53:26',25,10,1,2),(3,11,'2018-05-06 12:53:26',10,12,1,7),(3,1,'2018-05-06 12:53:26',10,12,1,20),(3,16,'2018-05-06 12:53:26',10,12,1,26),(3,13,'2018-05-06 12:53:26',5,15,1,5),(3,17,'2018-05-06 12:53:26',5,15,1,1),(3,18,'2018-05-06 12:53:26',1,17,1,24),(1,7,'2018-05-05 16:14:08',220,2,1,29),(1,2,'2018-05-05 16:14:08',170,1,1,4),(1,6,'2018-05-05 16:14:08',115,3,1,9),(1,5,'2018-05-05 16:14:08',80,4,1,15),(1,3,'2018-05-05 16:14:08',70,5,1,22),(1,12,'2018-05-05 16:14:08',55,6,1,8),(1,14,'2018-05-05 16:14:09',45,100,1,15),(1,4,'2018-05-05 16:14:09',40,7,1,21),(1,9,'2018-05-05 16:14:09',35,8,1,6),(1,10,'2018-05-05 16:14:09',25,9,1,2),(1,15,'2018-05-05 16:14:09',25,100,1,2),(1,11,'2018-05-05 16:14:09',10,10,1,7),(1,1,'2018-05-05 16:14:09',10,10,1,20),(1,16,'2018-05-05 16:14:09',10,11,1,26),(1,13,'2018-05-05 16:14:09',5,100,1,5),(1,17,'2018-05-05 16:14:09',5,100,1,1),(1,18,'2018-05-05 16:14:09',1,12,1,24),(2,7,'2018-05-06 12:40:20',220,1,1,29),(2,2,'2018-05-06 12:40:20',170,2,1,4),(2,6,'2018-05-06 12:40:20',115,3,1,9),(2,5,'2018-05-06 12:40:20',80,4,1,15),(2,3,'2018-05-06 12:40:21',70,5,1,22),(2,12,'2018-05-06 12:40:21',55,6,1,8),(2,14,'2018-05-06 12:40:21',45,7,1,15),(2,4,'2018-05-06 12:40:21',40,8,1,21),(2,9,'2018-05-06 12:40:21',35,9,1,6),(2,10,'2018-05-06 12:40:21',25,10,1,2),(2,15,'2018-05-06 12:40:21',25,10,1,2),(2,11,'2018-05-06 12:40:21',10,12,1,7),(2,1,'2018-05-06 12:40:21',10,12,1,20),(2,16,'2018-05-06 12:40:21',10,12,1,26),(2,13,'2018-05-06 12:40:21',5,15,1,5),(2,17,'2018-05-06 12:40:21',5,15,1,1),(2,18,'2018-05-06 12:40:21',1,17,1,24),(3,7,'2018-05-06 12:53:25',220,1,1,29),(3,2,'2018-05-06 12:53:25',170,2,1,4),(3,6,'2018-05-06 12:53:25',115,3,1,9),(3,5,'2018-05-06 12:53:25',80,4,1,15),(3,3,'2018-05-06 12:53:25',70,5,1,22),(3,12,'2018-05-06 12:53:25',55,6,1,8),(3,14,'2018-05-06 12:53:25',45,7,1,15),(3,4,'2018-05-06 12:53:26',40,8,1,21),(3,9,'2018-05-06 12:53:26',35,9,1,6),(3,10,'2018-05-06 12:53:26',25,10,1,2),(3,15,'2018-05-06 12:53:26',25,10,1,2),(3,11,'2018-05-06 12:53:26',10,12,1,7),(3,1,'2018-05-06 12:53:26',10,12,1,20),(3,16,'2018-05-06 12:53:26',10,12,1,26),(3,13,'2018-05-06 12:53:26',5,15,1,5),(3,17,'2018-05-06 12:53:26',5,15,1,1),(3,18,'2018-05-06 12:53:26',1,17,1,24);
/*!40000 ALTER TABLE `historanking` ENABLE KEYS */;
UNLOCK TABLES;

--
-- Table structure for table `param`
--

DROP TABLE IF EXISTS `param`;
/*!40101 SET @saved_cs_client     = @@character_set_client */;
/*!40101 SET character_set_client = utf8 */;
CREATE TABLE `param` (
  `group_name` varchar(50) CHARACTER SET latin1 NOT NULL,
  `variable` varchar(50) CHARACTER SET latin1 NOT NULL,
  `value` varchar(200) CHARACTER SET latin1 NOT NULL,
  `tstp_create` timestamp NOT NULL DEFAULT CURRENT_TIMESTAMP,
  `tstp_update` timestamp NOT NULL DEFAULT CURRENT_TIMESTAMP ON UPDATE CURRENT_TIMESTAMP,
  PRIMARY KEY (`group_name`,`variable`)
) ENGINE=InnoDB DEFAULT CHARSET=utf8 COLLATE=utf8_bin;
/*!40101 SET character_set_client = @saved_cs_client */;

--
-- Dumping data for table `param`
--

LOCK TABLES `param` WRITE;
/*!40000 ALTER TABLE `param` DISABLE KEYS */;
INSERT INTO `param` VALUES ('FONT','font_name','hvd_comic_serif_pro','2018-08-30 21:48:04','2018-08-30 21:48:04'),('FONT','font_pseudo','hvd_comic_serif_pro','2018-08-30 21:48:04','2018-09-21 12:13:19'),('FONT','font_rank','painting_with_chocolate','2018-08-30 21:48:04','2018-09-21 12:12:28'),('FONT','font_score','levirebrushed','2018-08-30 21:48:04','2018-08-30 21:48:04'),('PATH','character','/ranking/Images/Character','2018-09-01 21:05:15','2019-02-09 15:03:37');
/*!40000 ALTER TABLE `param` ENABLE KEYS */;
UNLOCK TABLES;

--
-- Table structure for table `participant`
--

DROP TABLE IF EXISTS `participant`;
/*!40101 SET @saved_cs_client     = @@character_set_client */;
/*!40101 SET character_set_client = utf8 */;
CREATE TABLE `participant` (
  `id` int(11) NOT NULL AUTO_INCREMENT,
  `id_tournament` int(11) NOT NULL,
  `id_player` int(11) NOT NULL,
  `ranking` int(11) NOT NULL DEFAULT '0',
  `tstp_create` timestamp NOT NULL DEFAULT CURRENT_TIMESTAMP,
  `tstp_update` timestamp NOT NULL DEFAULT CURRENT_TIMESTAMP ON UPDATE CURRENT_TIMESTAMP,
  PRIMARY KEY (`id`),
  KEY `participant_fk1` (`id_tournament`),
  CONSTRAINT `participant_fk1` FOREIGN KEY (`id_tournament`) REFERENCES `tournament` (`id`) ON DELETE CASCADE
) ENGINE=InnoDB AUTO_INCREMENT=198 DEFAULT CHARSET=utf8 COLLATE=utf8_bin;
/*!40101 SET character_set_client = @saved_cs_client */;

--
-- Dumping data for table `participant`
--

LOCK TABLES `participant` WRITE;
/*!40000 ALTER TABLE `participant` DISABLE KEYS */;
INSERT INTO `participant` VALUES (1,3,2,1,'2018-09-13 18:49:57','2018-09-13 22:11:46'),(2,3,6,2,'2018-09-13 18:49:57','2018-09-13 22:11:46'),(3,3,18,7,'2018-09-13 22:10:34','2018-09-13 22:11:46'),(4,3,5,4,'2018-09-13 22:10:34','2018-09-13 22:11:46'),(5,3,4,5,'2018-09-13 22:10:34','2018-09-13 22:11:46'),(6,3,9,3,'2018-09-13 22:10:34','2018-09-13 22:11:46'),(7,3,11,6,'2018-09-13 22:10:34','2018-09-13 22:11:46'),(13,4,5,2,'2018-09-13 22:25:48','2018-09-13 22:26:24'),(14,4,4,3,'2018-09-13 22:25:48','2018-09-13 22:26:24'),(15,4,3,1,'2018-09-13 22:25:48','2018-09-13 22:26:24'),(16,4,11,5,'2018-09-13 22:25:48','2018-09-13 22:27:26'),(17,4,20,6,'2018-09-13 22:25:48','2018-09-13 22:27:26'),(18,4,9,4,'2018-09-13 22:26:24','2018-09-13 22:27:26'),(20,4,35,5,'2018-09-14 09:39:00','2018-09-14 09:39:35'),(21,4,36,7,'2018-09-14 09:39:44','2018-09-14 09:39:51'),(22,5,7,1,'2018-09-14 09:43:35','2018-09-14 09:44:09'),(23,5,14,2,'2018-09-14 09:44:20','2018-09-14 09:44:25'),(24,5,15,3,'2018-09-14 09:45:07','2018-09-14 09:45:13'),(25,5,12,4,'2018-09-14 09:45:25','2018-09-14 09:45:33'),(26,5,17,5,'2018-09-14 09:45:56','2018-09-14 09:46:05'),(27,5,4,5,'2018-09-14 09:46:26','2018-09-14 09:46:32'),(28,5,26,7,'2018-09-14 09:47:39','2018-09-14 09:47:46'),(29,5,27,7,'2018-09-14 09:48:02','2018-09-14 09:48:12'),(30,5,37,9,'2018-09-14 09:49:22','2018-09-14 09:49:29'),(31,5,38,9,'2018-09-14 09:50:07','2018-09-14 09:50:15'),(32,6,15,1,'2018-09-14 09:53:21','2018-09-14 09:54:06'),(33,6,4,2,'2018-09-14 09:53:29','2018-09-14 09:54:06'),(34,6,21,3,'2018-09-14 09:53:41','2018-09-14 09:54:06'),(35,6,20,4,'2018-09-14 09:53:54','2018-09-14 09:54:06'),(36,6,22,5,'2018-09-14 09:54:20','2018-09-14 09:55:30'),(37,6,23,5,'2018-09-14 09:54:40','2018-09-14 09:55:30'),(38,6,24,7,'2018-09-14 09:55:04','2018-09-14 09:55:30'),(39,6,25,7,'2018-09-14 09:55:48','2018-09-14 09:55:55'),(40,7,7,1,'2018-09-14 10:00:30','2018-09-14 10:01:40'),(41,7,2,2,'2018-09-14 10:00:37','2018-09-14 10:01:40'),(42,7,6,3,'2018-09-14 10:00:41','2018-09-14 10:01:40'),(43,7,14,5,'2018-09-14 10:00:47','2018-09-14 10:02:14'),(44,7,3,7,'2018-09-14 10:00:57','2018-09-14 10:02:23'),(45,7,5,5,'2018-09-14 10:01:18','2018-09-14 10:02:14'),(46,7,15,4,'2018-09-14 10:01:40','2018-09-14 10:02:14'),(47,7,4,7,'2018-09-14 10:02:14','2018-09-14 10:02:23'),(48,8,7,1,'2018-09-14 10:12:21','2018-09-14 10:15:55'),(49,8,2,2,'2018-09-14 10:12:27','2018-09-14 10:15:55'),(50,8,5,5,'2018-09-14 10:12:34','2018-09-14 10:15:55'),(51,8,6,3,'2018-09-14 10:12:46','2018-09-14 10:15:55'),(52,8,10,5,'2018-09-14 10:12:59','2018-09-14 10:15:55'),(53,8,12,4,'2018-09-14 10:13:09','2018-09-14 10:15:55'),(54,8,1,7,'2018-09-14 10:13:16','2018-09-14 10:15:55'),(55,8,13,9,'2018-09-14 10:13:36','2018-09-14 10:15:55'),(56,8,16,7,'2018-09-14 10:13:48','2018-09-14 10:15:55'),(57,8,4,9,'2018-09-14 10:13:59','2018-09-14 10:15:55'),(58,8,39,9,'2018-09-14 10:23:40','2018-09-14 10:23:51'),(59,9,6,2,'2018-09-14 10:28:28','2018-09-14 10:29:44'),(61,9,5,4,'2018-09-14 10:28:28','2018-09-14 10:29:44'),(62,9,30,5,'2018-09-14 10:28:28','2018-09-14 10:29:44'),(63,9,7,1,'2018-09-14 10:28:28','2018-09-14 10:29:44'),(64,9,2,3,'2018-09-14 10:28:28','2018-09-14 10:29:44'),(65,9,1,5,'2018-09-14 10:28:28','2018-09-14 10:29:44'),(66,9,9,7,'2018-09-14 10:34:32','2018-09-14 10:35:49'),(67,9,33,9,'2018-09-14 10:35:49','2018-09-14 10:44:12'),(68,9,41,9,'2018-09-14 10:41:24','2018-09-14 10:44:12'),(69,9,32,13,'2018-09-14 10:41:24','2018-09-14 10:44:12'),(70,9,42,9,'2018-09-14 10:41:24','2018-09-14 10:44:12'),(71,9,40,9,'2018-09-14 10:41:24','2018-09-14 10:44:12'),(72,9,45,13,'2018-09-14 10:41:24','2018-09-14 10:44:12'),(73,9,44,13,'2018-09-14 10:41:24','2018-09-14 10:44:12'),(74,9,43,13,'2018-09-14 10:41:24','2018-09-14 10:44:12'),(75,9,31,7,'2018-09-14 15:12:17','2018-09-14 15:16:06'),(76,6,28,3,'2018-09-16 20:11:30','2018-09-16 20:11:38'),(77,10,6,3,'2018-12-24 09:01:55','2018-12-24 09:08:42'),(78,10,29,5,'2018-12-24 09:03:14','2018-12-24 09:08:42'),(79,10,9,4,'2018-12-24 09:03:14','2018-12-24 09:08:42'),(80,10,12,7,'2018-12-24 09:03:14','2018-12-24 09:08:42'),(81,10,7,1,'2018-12-24 09:03:14','2018-12-24 09:08:42'),(82,10,13,7,'2018-12-24 09:03:14','2018-12-24 09:08:42'),(83,10,2,5,'2018-12-24 09:03:14','2018-12-24 09:08:42'),(84,10,1,9,'2018-12-24 09:03:14','2018-12-24 09:08:42'),(86,10,48,2,'2018-12-24 14:53:52','2018-12-24 14:54:00'),(91,13,6,6,'2019-02-25 11:09:19','2019-02-25 11:11:33'),(92,13,57,3,'2019-02-25 11:09:19','2019-02-25 11:11:33'),(93,13,58,4,'2019-02-25 11:09:19','2019-02-25 11:11:33'),(94,13,56,1,'2019-02-25 11:09:19','2019-02-25 11:09:45'),(95,13,59,5,'2019-02-25 11:09:19','2019-02-25 11:11:33'),(97,13,60,8,'2019-02-25 11:09:19','2019-02-25 12:47:45'),(98,13,52,2,'2019-02-25 11:09:45','2019-02-25 11:11:33'),(99,13,68,12,'2019-02-25 12:44:55','2019-02-25 12:47:45'),(100,13,71,15,'2019-02-25 12:44:55','2019-02-25 12:47:45'),(101,13,66,10,'2019-02-25 12:44:55','2019-02-25 12:47:45'),(102,13,70,14,'2019-02-25 12:44:55','2019-02-25 12:47:45'),(103,13,67,11,'2019-02-25 12:44:55','2019-02-25 12:47:45'),(104,13,69,13,'2019-02-25 12:44:55','2019-02-25 12:47:45'),(105,13,72,16,'2019-02-25 12:44:55','2019-02-25 12:48:17'),(106,13,65,9,'2019-02-25 12:44:55','2019-02-25 12:47:45'),(107,13,64,7,'2019-02-25 12:47:53','2019-02-25 12:48:16'),(108,14,5,9,'2019-04-28 15:59:36','2019-04-28 22:37:02'),(109,14,12,5,'2019-04-28 15:59:36','2019-04-28 16:06:59'),(110,14,3,3,'2019-04-28 15:59:36','2019-04-28 16:06:59'),(111,14,7,1,'2019-04-28 15:59:36','2019-04-28 16:06:59'),(112,14,16,7,'2019-04-28 15:59:36','2019-04-28 16:06:59'),(113,14,2,2,'2019-04-28 15:59:36','2019-04-28 16:06:59'),(114,14,1,6,'2019-04-28 15:59:36','2019-04-28 16:06:59'),(115,14,6,4,'2019-04-28 16:03:20','2019-04-28 16:06:59'),(117,15,6,6,'2019-04-28 22:24:44','2019-04-28 22:28:11'),(118,15,74,14,'2019-04-28 22:24:44','2019-04-28 22:31:12'),(119,15,57,3,'2019-04-28 22:24:44','2019-04-28 22:28:11'),(120,15,80,11,'2019-04-28 22:24:44','2019-04-28 22:31:12'),(121,15,53,4,'2019-04-28 22:24:44','2019-04-28 22:28:11'),(122,15,67,13,'2019-04-28 22:24:44','2019-04-28 22:31:13'),(123,15,5,18,'2019-04-28 22:24:44','2019-04-28 22:31:13'),(124,15,76,10,'2019-04-28 22:24:44','2019-04-28 22:31:13'),(125,15,73,8,'2019-04-28 22:24:44','2019-04-28 22:28:11'),(126,15,52,2,'2019-04-28 22:24:44','2019-04-28 22:28:11'),(127,15,79,12,'2019-04-28 22:24:44','2019-04-28 22:31:13'),(128,15,75,16,'2019-04-28 22:24:44','2019-04-28 22:31:13'),(129,15,58,5,'2019-04-28 22:24:45','2019-04-28 22:28:11'),(130,15,56,1,'2019-04-28 22:24:45','2019-04-28 22:28:11'),(131,15,61,7,'2019-04-28 22:24:45','2019-04-28 22:28:11'),(132,15,82,15,'2019-04-28 22:24:45','2019-04-28 22:31:13'),(133,15,2,17,'2019-04-28 22:26:03','2019-04-28 22:31:13'),(134,15,66,9,'2019-04-28 22:28:26','2019-04-28 22:31:13'),(135,14,83,8,'2019-04-28 22:36:20','2019-04-28 22:37:02'),(136,14,84,10,'2019-04-28 22:36:20','2019-04-28 22:37:02'),(141,18,51,1,'2019-08-19 10:29:16','2019-08-19 10:30:36'),(142,18,54,2,'2019-08-19 10:30:36','2019-08-19 10:30:43'),(143,18,56,3,'2019-08-19 10:31:00','2019-08-19 10:31:06'),(144,18,52,4,'2019-08-19 10:31:23','2019-08-19 10:31:28'),(145,18,58,5,'2019-08-19 10:32:03','2019-08-19 10:32:09'),(146,18,57,6,'2019-08-19 10:32:25','2019-08-19 10:32:32'),(147,18,53,7,'2019-08-19 10:33:46','2019-08-19 10:33:53'),(149,18,18,8,'2019-08-19 10:36:10','2019-08-19 10:36:16'),(150,18,61,9,'2019-08-19 10:36:51','2019-08-19 10:36:58'),(151,18,85,10,'2019-08-19 10:39:09','2019-08-19 10:39:16'),(152,18,6,11,'2019-08-19 10:39:34','2019-08-19 10:39:43'),(153,18,73,12,'2019-08-19 10:42:22','2019-08-19 10:42:31'),(154,18,76,13,'2019-08-19 10:42:45','2019-08-19 10:42:51'),(155,18,66,14,'2019-08-19 10:43:21','2019-08-19 10:43:28'),(156,18,80,15,'2019-08-19 10:44:49','2019-08-19 10:44:56'),(157,18,67,16,'2019-08-19 10:45:14','2019-08-19 10:45:19'),(158,18,86,17,'2019-08-19 10:54:09','2019-08-19 10:54:15'),(159,18,87,18,'2019-08-19 10:54:26','2019-08-19 10:54:31'),(160,18,74,19,'2019-08-19 10:54:48','2019-08-19 10:54:54'),(161,18,89,20,'2019-08-19 10:55:08','2019-08-19 10:55:14'),(162,18,90,21,'2019-08-19 10:55:26','2019-08-19 10:55:31'),(163,18,60,22,'2019-08-19 10:55:44','2019-08-19 10:55:50'),(164,18,91,23,'2019-08-19 10:56:02','2019-08-19 10:56:09'),(165,18,92,24,'2019-08-19 10:56:20','2019-08-19 10:56:25'),(166,18,79,25,'2019-08-19 10:56:32','2019-08-19 10:56:38'),(167,19,6,2,'2019-08-27 10:04:29','2019-08-27 10:09:58'),(168,19,29,9,'2019-08-27 10:04:29','2019-08-27 10:09:58'),(169,19,9,9,'2019-08-27 10:04:29','2019-08-28 08:30:12'),(170,19,12,5,'2019-08-27 10:04:29','2019-08-27 10:09:58'),(171,19,3,4,'2019-08-27 10:04:29','2019-08-27 10:09:58'),(172,19,7,1,'2019-08-27 10:04:29','2019-08-27 10:09:58'),(173,19,84,5,'2019-08-27 10:04:29','2019-08-28 08:30:12'),(174,19,2,3,'2019-08-27 10:04:29','2019-08-27 10:09:58'),(175,19,1,7,'2019-08-27 10:04:29','2019-08-28 08:31:02'),(176,19,93,9,'2019-08-27 10:07:15','2019-08-28 08:30:12'),(177,19,16,7,'2019-08-27 10:07:26','2019-08-27 10:09:58'),(178,19,33,9,'2019-08-27 10:07:49','2019-08-28 08:30:12'),(179,20,97,3,'2019-08-28 08:19:43','2019-08-28 08:21:16'),(180,20,96,5,'2019-08-28 08:19:43','2019-08-28 08:21:16'),(181,20,105,13,'2019-08-28 08:19:43','2019-08-28 08:27:24'),(182,20,99,4,'2019-08-28 08:19:43','2019-08-28 08:21:17'),(183,20,98,13,'2019-08-28 08:19:43','2019-08-28 08:27:24'),(184,20,103,2,'2019-08-28 08:19:43','2019-08-28 08:21:17'),(185,20,106,17,'2019-08-28 08:19:43','2019-08-28 08:27:24'),(186,20,95,13,'2019-08-28 08:19:43','2019-08-28 08:27:24'),(187,20,9,13,'2019-08-28 08:19:43','2019-08-28 08:27:24'),(188,20,107,17,'2019-08-28 08:19:43','2019-08-28 08:27:24'),(189,20,100,5,'2019-08-28 08:19:43','2019-08-28 08:27:24'),(190,20,33,9,'2019-08-28 08:19:43','2019-08-28 08:27:24'),(191,20,101,9,'2019-08-28 08:19:43','2019-08-28 08:27:24'),(192,20,109,1,'2019-08-28 08:19:43','2019-08-28 08:21:17'),(193,20,94,17,'2019-08-28 08:19:43','2019-08-28 08:27:24'),(194,20,108,7,'2019-08-28 08:19:43','2019-08-28 08:21:17'),(195,20,104,7,'2019-08-28 08:19:43','2019-08-28 08:27:24'),(196,20,102,9,'2019-08-28 08:21:17','2019-08-28 08:24:40'),(197,20,110,9,'2019-08-28 08:24:05','2019-08-28 08:27:24');
/*!40000 ALTER TABLE `participant` ENABLE KEYS */;
UNLOCK TABLES;

--
-- Table structure for table `player`
--

DROP TABLE IF EXISTS `player`;
/*!40101 SET @saved_cs_client     = @@character_set_client */;
/*!40101 SET character_set_client = utf8 */;
CREATE TABLE `player` (
  `id` int(11) NOT NULL AUTO_INCREMENT,
  `status` char(1) CHARACTER SET latin1 DEFAULT NULL,
  `pseudo` varchar(255) CHARACTER SET latin1 NOT NULL,
  `nom` varchar(255) CHARACTER SET latin1 NOT NULL,
  `prenom` varchar(255) CHARACTER SET latin1 NOT NULL,
  `mail` varchar(255) CHARACTER SET latin1 DEFAULT NULL,
  `telephone` varchar(20) CHARACTER SET latin1 DEFAULT NULL,
  `tstp_create` timestamp NOT NULL DEFAULT CURRENT_TIMESTAMP,
  `tstp_update` timestamp NOT NULL DEFAULT CURRENT_TIMESTAMP ON UPDATE CURRENT_TIMESTAMP,
  PRIMARY KEY (`id`)
) ENGINE=InnoDB AUTO_INCREMENT=126 DEFAULT CHARSET=utf8 COLLATE=utf8_bin;
/*!40101 SET character_set_client = @saved_cs_client */;

--
-- Dumping data for table `player`
--

LOCK TABLES `player` WRITE;
/*!40000 ALTER TABLE `player` DISABLE KEYS */;
INSERT INTO `player` VALUES (1,NULL,'tba77','Ben Achour','Tahar','tba777@gmail.com','50011035','2018-08-30 21:49:10','2018-08-30 21:49:10'),(2,NULL,'T@z','Ben Abdallah','Aziz','aziz.B.A@hotmail.fr','22858444','2018-08-30 21:49:10','2018-09-15 15:11:37'),(3,NULL,'NIHASOF','Chami','Sofiane','sofiane.chami@gmail.com','50971746','2018-08-30 21:49:10','2018-08-30 21:49:10'),(4,NULL,'khaleel','Arfaoui','Khalil','khalil.arfaoui@gmail.com','25990349','2018-08-30 21:49:10','2018-08-30 21:49:10'),(5,NULL,'Joulaks','Joulak','Walid','walid.joulak@gmail.com','27317727','2018-08-30 21:49:10','2018-08-30 21:49:10'),(6,NULL,'Baalhamon','Sfaxi','Moez','moez.sfaxi@gmail.com','20878483','2018-08-30 21:49:10','2018-08-30 21:49:10'),(7,NULL,'om_zar','Zarrad','Ahmed','ahmed.zarrad@gmail.com',NULL,'2018-08-30 21:49:10','2018-08-30 21:49:10'),(9,NULL,'Marshall','Ghedamsi','Hedi','hedi.ghedamsi@gmail.com','53187952','2018-08-30 21:49:10','2018-08-30 21:49:10'),(10,NULL,'Ussama','Ben Yaala','Oussama','oussama@gmail.com',NULL,'2018-08-30 21:49:10','2018-08-30 21:49:10'),(11,NULL,'Rugal','Ben Moussa','Mehdi','mehdi.benmoussa@gmail.com','52694352','2018-08-30 21:49:10','2018-08-30 21:49:10'),(12,NULL,'Minogami','Ferchichi','Amine','minogamiggpo@gmail.com','23960613','2018-08-30 21:49:10','2018-08-30 21:49:10'),(13,NULL,'SupaHiro','Ben Ammar','Rabii','rabii.benammar@gmail.com','55704904','2018-08-30 21:49:10','2018-12-13 08:10:46'),(14,NULL,'WaelFoxHound','Zaghouani','Wael','wael.zaghouani@gmail.com',NULL,'2018-08-30 21:49:10','2018-08-30 21:49:10'),(15,NULL,'Chourou','Triki','Slim','slim.triki@gmail.com',NULL,'2018-08-30 21:49:10','2018-08-30 21:49:10'),(16,NULL,'rednaksxrainbowdash','Laabidi','Skander','skander.laabidi@gmail.com',NULL,'2018-08-30 21:49:10','2018-08-30 21:49:10'),(17,NULL,'Benjammo','Farhat','Haythem','haythem.farhat@gmail.com',NULL,'2018-08-30 21:49:10','2018-08-30 21:49:10'),(18,NULL,'Fog','Hamdi','Amine','amine.hamdi@gmail.com','97838290','2018-08-30 21:49:10','2018-08-30 21:49:10'),(20,NULL,'Wassus','Zammit','Wassim','wassim.zammit@gmail.com',NULL,'2018-08-30 21:49:10','2018-08-30 21:49:10'),(22,NULL,'Fedi Mejri','Mejri','Fedi','-',NULL,'2018-08-30 21:49:10','2018-08-30 21:49:10'),(23,NULL,'Rabiekratos','Kratos','Rabi','',NULL,'2018-08-30 21:49:10','2018-08-30 21:49:10'),(24,NULL,'Amine Rekik','Rekik','Amine','-',NULL,'2018-08-30 21:49:10','2018-08-30 21:49:10'),(25,NULL,'Iheb Chatti','Chatti','Iheb','-',NULL,'2018-08-30 21:49:10','2018-08-30 21:49:10'),(26,NULL,'Ismail Guezguez','Guezguez','Ismail','-',NULL,'2018-08-30 21:49:10','2018-08-30 21:49:10'),(27,NULL,'Oussama Skhiri','Skhiri','Oussama','-',NULL,'2018-08-30 21:49:10','2018-08-30 21:49:10'),(28,NULL,'Klix','Soussi','Mohamed Ali','','','2018-08-30 21:49:10','2018-08-30 21:49:10'),(29,NULL,'Bethedeadmen','Mannai','Bassem','mannai.bessem@gmail.com','22557634','2018-08-30 21:49:10','2018-08-30 21:49:10'),(30,NULL,'Nacef Lakhal','Lakhal','Nacef','','','2018-08-30 21:49:10','2018-08-30 21:49:10'),(31,NULL,'Ahmed Boudali','Boudali','Ahmed','','','2018-08-30 21:49:10','2018-09-14 10:37:03'),(32,NULL,'Baha Bdira','Bdira','Baha','','','2018-08-30 21:49:10','2018-08-30 21:49:10'),(33,NULL,'Oussama Mrissa','Mrissa','Oussama','mrissaoussama@gmail.com','95002154','2018-08-30 21:49:10','2019-12-22 10:39:17'),(35,NULL,'Jasser Romdhana','Romdhana','Jasser','','','2018-09-14 09:36:53','2018-09-14 09:36:53'),(36,NULL,'Raed Romdhana','Romadhana','Raed','','','2018-09-14 09:37:15','2018-09-14 09:37:15'),(37,NULL,'Youssef Jasser','Jasser','Youssef','','','2018-09-14 09:49:04','2018-09-14 09:49:04'),(38,NULL,'Yassine Amara','Amara','Yassine','','','2018-09-14 09:49:51','2018-09-14 09:49:51'),(39,NULL,'Aychus','Ayachus','Ayachus','','','2018-09-14 10:16:21','2018-09-14 10:16:21'),(40,NULL,'Heni Barhoumi','Barhoumi','Heni','','','2018-09-14 10:37:37','2018-09-14 10:37:37'),(41,NULL,'Amine Bahri','Bahri','Amine','','','2018-09-14 10:37:54','2018-09-14 10:37:54'),(42,NULL,'Ghaith Hichri','Hichri','Ghaith','','','2018-09-14 10:38:10','2018-09-14 10:38:10'),(43,NULL,'Youssef Sahmim','Sahmim','Youssef','','','2018-09-14 10:38:47','2018-09-14 10:38:47'),(44,NULL,'Mohamed Chiheb Ben Nasr','Ben Nasr','Mohamed Chiheb','','','2018-09-14 10:39:13','2018-09-14 10:39:13'),(45,NULL,'Mohamed Aziz Abderrahmen','Abderrahmen','Mohamed Aziz','','','2018-09-14 10:39:32','2018-09-14 10:39:32'),(46,'H','02Test','TestNom2','TestPrenom2','test@test.test','test0123456789','2018-09-15 20:30:11','2018-09-25 13:51:16'),(48,'H','TGESTidusHarrachi','Harrachi','Tidus','','','2018-12-24 14:51:26','2018-12-24 15:38:25'),(49,'H','Mozikha','Traing','Tara','ici@la.com','046874','2019-01-30 15:33:40','2019-01-30 15:33:59'),(51,NULL,'Nindo','BoulaÃ¢ba','Yosri','nindoreturn@hotmail.com','','2019-02-12 00:00:19','2019-02-12 00:00:19'),(52,NULL,'MajinZERO','Talbi','Zied','','98352666','2019-02-25 10:36:12','2019-02-28 10:43:18'),(53,NULL,'HaradaKiller','Ben Aissia','Ahmed','benaissaahmed11@gmail.com','54756882','2019-02-25 10:36:27','2019-04-28 22:20:04'),(54,NULL,'Devilboy','Kalel','Aziz','','','2019-02-25 10:36:52','2019-02-25 10:36:52'),(55,NULL,'OnePunsh','Ben Salem','Liwa','','','2019-02-25 10:37:16','2019-02-25 10:56:05'),(56,NULL,'ReaperSfaxiano','Khemiri','Chaheen','','','2019-02-25 10:37:43','2019-02-25 10:37:43'),(57,NULL,'EdKaiSan','Mrabet','Riadh','edkai718@gmail.com','26279697','2019-02-25 10:38:01','2019-04-28 11:25:29'),(58,NULL,'R1GodOfRage','Amdouni','Ahmed','amdounizaraki@gmail.com','58614897','2019-02-25 10:38:36','2019-04-28 11:19:08'),(59,NULL,'ROOCK','Hazgui','Abdelhamid','','','2019-02-25 10:38:59','2019-02-25 10:38:59'),(60,NULL,'Wero','Jlassi','Wassim','','','2019-02-25 10:39:24','2019-02-25 10:39:24'),(61,NULL,'Tofuu','Chebbi','Ala','alachebbi06@gmail.com','50654333','2019-02-25 10:39:50','2019-04-28 10:59:44'),(62,NULL,'Haj','Krida','Skander','','','2019-02-25 10:40:00','2019-02-25 10:40:00'),(64,NULL,'Droky','Droky','Droky','','','2019-02-25 12:38:24','2019-02-25 12:38:24'),(65,NULL,'the_guts','Dabbech','Salah','salahdabbech99@gmail.com','99366036','2019-02-25 12:38:44','2019-12-22 10:13:58'),(66,NULL,'Thunder BOUJI','Bouji','Rami','boo0zi91@gmail.com','21524992','2019-02-25 12:38:53','2019-04-28 22:16:39'),(67,NULL,'jassem002','Ben Rayana','Jassem','jassem.benrayana@esprit.tn','28281127','2019-02-25 12:39:11','2019-04-28 11:03:01'),(68,NULL,'BOB74','BOB74','BOB74','','','2019-02-25 12:39:27','2019-02-25 12:39:27'),(69,NULL,'OptimosMoslimos','Tka','Chamseddine','','','2019-02-25 12:39:43','2019-02-27 09:22:00'),(70,NULL,'Chi5aoui','Chikhaoui','Chikhaoui','','','2019-02-25 12:40:00','2019-02-25 12:40:00'),(71,NULL,'Bogarter','Bogarter','Bogarter','','','2019-02-25 12:40:19','2019-02-25 12:40:19'),(72,NULL,'rayenmeddeb','Meddeb','Rayen','','','2019-02-25 12:40:39','2019-02-25 12:40:39'),(73,NULL,'MahdiKazama','Slimane','Mahdi','slimane_mahdi@yahoo.fr','54123899','2019-04-28 11:00:51','2019-04-28 11:00:51'),(74,NULL,'DamonCrow','Tekaya','Ghassen','tekayaghassen@hotmail.fr','53960242','2019-04-28 11:02:25','2019-04-28 11:02:25'),(75,NULL,'OzlOG','Ghariani','Mokhtar','ozlog@outlook.fr','54441282','2019-04-28 11:05:30','2019-04-28 11:05:30'),(76,NULL,'La7lou7','Ghachem','Anis','anisestjuve7@gmail.com','53015889','2019-04-28 11:07:13','2019-04-28 11:07:13'),(79,NULL,'Nosferatus','Chakroun','Wajdi','wajdichakroun@yahoo.fr','54121606','2019-04-28 11:24:13','2019-04-28 11:24:13'),(80,NULL,'Hamdi-Shadow','Hajmeftah','Hamdi','hamdishadow@gmail.com','27505618','2019-04-28 11:29:18','2019-04-28 11:29:18'),(82,NULL,'XAOSGENETO','XAOSGENETO','XAOSGENETO','','','2019-04-28 22:02:23','2019-04-28 22:02:23'),(83,NULL,'BishopTN','BishopTN','BishopTN','','','2019-04-28 22:33:29','2019-04-28 22:33:29'),(84,NULL,'Raigeki','Raigeki','Raigeki','','','2019-04-28 22:34:10','2019-04-28 22:34:10'),(85,NULL,'Huss','El Yatim','Amer','','','2019-08-19 10:38:27','2019-08-19 10:38:27'),(86,NULL,'Drunken-Sama','Naifar','Hedi','','','2019-08-19 10:46:25','2019-08-19 10:46:25'),(87,NULL,'naddware','Elwaer','Nader','','','2019-08-19 10:47:25','2019-08-19 10:47:25'),(89,NULL,'Barkatis SWC','Ben Abdelfatteh Barkatis','Omar ','','','2019-08-19 10:48:24','2019-08-19 10:48:24'),(90,NULL,'Brellos','Louati','Nassir','','','2019-08-19 10:49:07','2019-08-19 10:49:07'),(91,NULL,'Phonixe','Louati','Nader','','','2019-08-19 10:49:40','2019-08-19 10:49:40'),(92,NULL,'Lyca','Lyca','Lyca','','','2019-08-19 10:53:34','2019-08-19 10:53:34'),(93,NULL,'Lazybonez','Azzouz','Rami','','','2019-08-27 10:06:22','2019-08-27 10:06:22'),(94,NULL,'Ninyo','Cherif','Ahmed','olink645@gmail.com','','2019-08-27 10:17:00','2019-12-22 10:59:36'),(95,NULL,'LavanderBeast','Jarraya','Aziz','mohamedazizjarraya@gmail.com','96836828','2019-08-27 10:17:13','2019-12-22 10:37:57'),(96,NULL,'Banni','Abdelkefi','Khalil','','','2019-08-27 10:17:25','2019-08-27 10:17:25'),(97,NULL,'Azizo','Abdelkefi','Abdelaziz','','','2019-08-27 10:17:37','2019-08-27 10:17:37'),(98,NULL,'Elyes','Abdelkefi','Elyes','','','2019-08-27 10:17:55','2019-08-27 10:17:55'),(99,NULL,'Douss','Douss','Omar','','','2019-08-27 10:18:06','2019-08-27 10:18:06'),(100,NULL,'Neomance','Cherif','Oussama','oussama.cherif@esprit.tn','21526223','2019-08-27 10:18:18','2019-12-22 10:47:45'),(101,NULL,'Royy','Amamou','Kais','royeuh@gmail.com','24689259','2019-08-27 10:18:33','2019-12-22 10:43:38'),(102,NULL,'Ashlink','Mrabet','Ashraf','ashraf.zoubeh.123@gmail.com','46259305','2019-08-27 10:18:43','2019-12-22 10:36:17'),(103,NULL,'Nova~','Boustanji','Fahd','fahdoude@gmail.com','53488893','2019-08-27 10:18:55','2019-12-22 10:54:24'),(104,NULL,'Ysn','Boudriga','Yassine','medyassineboudriga@gmail.com','22628047','2019-08-27 10:19:10','2019-12-22 10:45:17'),(105,NULL,'BMan','Mannai','Baligh','','','2019-08-27 10:19:20','2019-08-27 10:19:20'),(106,NULL,'Joker','Touinsi','Youssef','','','2019-08-27 10:19:34','2019-08-27 10:19:34'),(107,NULL,'Meriem01','Touinsi','Meriem','','','2019-08-27 10:19:46','2019-08-27 10:19:46'),(108,NULL,'MonkeyMilk','Bertraind','Travis','travisbetraind@gmail.com','50987481','2019-08-27 10:20:09','2019-12-22 11:02:12'),(109,NULL,'Spout','Nabli','Mohamed','','','2019-08-27 10:20:27','2019-08-27 10:20:27'),(110,NULL,'PixelGhost','Kharrat','Jalel','jalel123456789@gmail.com','27083863','2019-08-28 08:23:28','2019-12-22 10:49:07'),(111,NULL,'Qbone','Russell','Taylor','taylorleroy28@gmail.com','54471359','2019-11-10 12:16:16','2019-12-22 10:46:02'),(112,NULL,'Seagull4life','Al Arbi','Sahbi','sahbilarbi@gmail.com','53202888','2019-11-10 14:42:33','2019-11-10 14:42:33'),(113,NULL,'Sayfx','Jridi','Saif','jridisaif@gmail.com','54109794','2019-12-22 10:16:22','2019-12-22 10:16:22'),(114,NULL,'JOTARODIO','Jemai','Slim','silm_jemai@yahoo.com','94896784','2019-12-22 10:19:21','2019-12-22 10:19:21'),(115,NULL,'Exhell','Saidi','Mehdi','xhell@outlook.fr','20528006','2019-12-22 10:20:56','2019-12-22 10:20:56'),(116,NULL,'Ezzedine','Gaieb','Ezzedine','ezzedine-93@hotmail.fr','20952534','2019-12-22 10:22:38','2019-12-22 10:22:38'),(117,NULL,'BadWeegy','Gaieb','Badr','badr962010@live.fr','28202208','2019-12-22 10:24:13','2019-12-22 10:24:13'),(118,NULL,'ZR_Hit','Rhimi','Zied','zied;rhimi9@gmail.com','20474262','2019-12-22 10:26:49','2019-12-22 10:26:49'),(119,NULL,'Jlassi360','Jlassi','Ahmed Aziz','titoboysjlassi360@gmail.com','54574138','2019-12-22 10:30:18','2019-12-22 10:30:18'),(120,NULL,'SonicSteve69','Aniba','Fares','faresaniba123@gmail.com','99292254','2019-12-22 10:31:48','2019-12-22 10:31:48'),(121,NULL,'amdoun','Amdoun','Mohamed','mouamedamdoun95@gmail.com','55871972','2019-12-22 10:40:40','2019-12-22 10:40:40'),(122,NULL,'Crowley','Gritli','Karim','karimg@live.fr','99950809','2019-12-22 10:50:49','2019-12-22 10:50:49'),(123,NULL,'Humblebeggings','Lamine','Mohamed','','27766580','2019-12-22 10:52:24','2019-12-22 11:16:48'),(124,NULL,'Hiroto','Sallem','Khalil','','','2019-12-22 11:05:27','2019-12-22 11:05:27'),(125,NULL,'thelabmaker','Ben Mariem','Aziz','thelabmker@gmail.Com','29682222','2019-12-22 11:14:40','2019-12-22 11:14:40');
/*!40000 ALTER TABLE `player` ENABLE KEYS */;
UNLOCK TABLES;

--
-- Table structure for table `player_game`
--

DROP TABLE IF EXISTS `player_game`;
/*!40101 SET @saved_cs_client     = @@character_set_client */;
/*!40101 SET character_set_client = utf8 */;
CREATE TABLE `player_game` (
  `id_player` int(11) NOT NULL,
  `id_game` int(11) NOT NULL,
  `id_character` int(11) NOT NULL DEFAULT '32',
  KEY `player_game_fk01` (`id_game`),
  KEY `player_game_fk02` (`id_player`),
  KEY `player_game_fk03` (`id_character`),
  CONSTRAINT `player_game_fk01` FOREIGN KEY (`id_game`) REFERENCES `game` (`id`) ON DELETE CASCADE,
  CONSTRAINT `player_game_fk02` FOREIGN KEY (`id_player`) REFERENCES `player` (`id`) ON DELETE CASCADE,
  CONSTRAINT `player_game_fk03` FOREIGN KEY (`id_character`) REFERENCES `character` (`id`) ON DELETE CASCADE
) ENGINE=InnoDB DEFAULT CHARSET=utf8 COLLATE=utf8_bin COMMENT='Game played by player and their main character for this game';
/*!40101 SET character_set_client = @saved_cs_client */;

--
-- Dumping data for table `player_game`
--

LOCK TABLES `player_game` WRITE;
/*!40000 ALTER TABLE `player_game` DISABLE KEYS */;
INSERT INTO `player_game` VALUES (1,1,20),(2,1,20),(3,1,34),(4,1,21),(5,1,15),(6,1,9),(7,1,29),(9,1,212),(10,1,2),(11,1,7),(12,1,8),(13,1,5),(14,1,15),(15,1,4),(16,1,26),(17,1,1),(18,1,24),(20,1,4),(22,1,32),(23,1,32),(24,1,32),(25,1,32),(26,1,32),(27,1,32),(28,1,23),(30,1,11),(31,1,32),(32,1,32),(33,1,5),(46,1,26),(29,1,2),(48,1,18),(49,1,2),(46,2,65),(51,2,65),(54,2,67),(6,2,220),(57,2,49),(62,2,60),(52,2,42),(55,2,64),(58,2,38),(53,2,48),(56,2,50),(59,2,59),(61,2,40),(60,2,58),(68,2,45),(71,2,49),(66,2,67),(70,2,37),(64,2,52),(69,2,69),(72,2,69),(65,2,69),(67,2,44),(79,2,58),(5,2,58),(2,2,47),(75,2,42),(82,2,65),(74,2,38),(80,2,51),(76,2,65),(73,2,67),(84,1,1),(83,1,7),(85,2,52),(18,2,37),(90,2,42),(92,2,45),(86,2,58),(91,2,51),(93,1,6),(96,9,211),(102,9,207),(97,9,85),(105,9,211),(99,9,182),(98,9,211),(103,9,74),(106,9,211),(95,9,184),(9,9,211),(107,9,211),(100,9,78),(33,9,150),(101,9,159),(109,9,211),(94,9,155),(108,9,85),(104,9,150),(110,9,179),(113,2,42),(114,2,42),(115,2,49),(116,2,39),(117,9,167),(117,2,67),(118,2,42),(119,2,54),(120,2,69),(121,9,85),(111,9,79),(122,9,211),(123,9,199),(124,9,211),(125,9,190);
/*!40000 ALTER TABLE `player_game` ENABLE KEYS */;
UNLOCK TABLES;

--
-- Table structure for table `ranking`
--

DROP TABLE IF EXISTS `ranking`;
/*!40101 SET @saved_cs_client     = @@character_set_client */;
/*!40101 SET character_set_client = utf8 */;
CREATE TABLE `ranking` (
  `id_game` int(11) NOT NULL,
  `id_player` int(11) unsigned NOT NULL,
  `pseudo` varchar(255) CHARACTER SET latin1 DEFAULT NULL,
  `points` int(11) NOT NULL,
  `new_points` int(11) NOT NULL,
  `game` enum('Street Fighter V','Tekken 7','Dragon Ball fighterZ','The King Of Fighters XIV','Marvel vs Capcom Infinite','Guilty Gears Xrd Revelator','Street Fighter IV','Marvel Vs Capcom 3') CHARACTER SET latin1 DEFAULT NULL,
  `character` varchar(255) CHARACTER SET latin1 DEFAULT NULL,
  `id_char` int(11) NOT NULL,
  `current_rank` int(4) NOT NULL DEFAULT '0',
  `previous_rank` int(4) NOT NULL DEFAULT '9999',
  `update_date` date DEFAULT NULL,
  `tstp_create` timestamp NOT NULL DEFAULT CURRENT_TIMESTAMP,
  `tstp_update` timestamp NOT NULL DEFAULT CURRENT_TIMESTAMP ON UPDATE CURRENT_TIMESTAMP,
  PRIMARY KEY (`id_game`,`id_player`),
  UNIQUE KEY `pseudo` (`pseudo`)
) ENGINE=InnoDB DEFAULT CHARSET=utf8 COLLATE=utf8_bin;
/*!40101 SET character_set_client = @saved_cs_client */;

--
-- Dumping data for table `ranking`
--

LOCK TABLES `ranking` WRITE;
/*!40000 ALTER TABLE `ranking` DISABLE KEYS */;
INSERT INTO `ranking` VALUES (1,1,'tba77',35,35,'Street Fighter V','Laura',20,11,13,'2018-08-31','2018-08-30 21:58:52','2018-09-03 19:45:33'),(1,2,'T@z',340,340,'Street Fighter V','Akuma',20,2,2,'2018-08-31','2018-08-30 21:58:52','2018-09-03 19:45:33'),(1,3,'NIHASOF',80,80,'Street Fighter V','Mika',22,6,6,'2018-08-31','2018-08-30 21:58:52','2018-09-03 19:45:33'),(1,4,'Khaleel',75,75,'Street Fighter V','Menat',21,7,7,'2018-08-31','2018-08-30 21:58:52','2018-09-03 19:45:33'),(1,5,'Joulaks',150,150,'Street Fighter V','Guile',15,4,5,'2018-08-31','2018-08-30 21:58:52','2018-09-03 19:45:33'),(1,6,'Baalhamon',285,285,'Street Fighter V','Bison',9,3,3,'2018-08-31','2018-08-30 21:58:52','2018-09-03 19:45:33'),(1,7,'om_zar',520,520,'Street Fighter V','Zangief',29,1,1,'2018-08-31','2018-08-30 21:58:52','2018-09-03 19:45:33'),(1,9,'Marshall',35,35,'Street Fighter V','Alex',6,11,11,'2018-08-31','2018-08-30 21:58:52','2018-09-03 19:45:33'),(1,10,'Ussama',25,25,'Street Fighter V','Ken',2,13,12,'2018-08-31','2018-08-30 21:58:52','2018-09-03 19:45:33'),(1,11,'Rugal',10,10,'Street Fighter V','Balrog',7,15,13,'2018-08-31','2018-08-30 21:58:52','2018-09-03 19:45:33'),(1,12,'Minogami',55,55,'Street Fighter V','Birdie',8,9,9,'2018-08-31','2018-08-30 21:58:52','2018-09-03 19:45:33'),(1,13,'Fullscreen',5,5,'Street Fighter V','Abigail',5,19,17,'2018-08-31','2018-08-30 21:58:52','2018-09-03 19:45:33'),(1,14,'WaelFoxHound',70,70,'Street Fighter V','Guile',15,8,8,'2018-08-31','2018-08-30 21:58:52','2018-09-03 19:45:33'),(1,15,'SlimTriki',140,140,'Street Fighter V','Ken',4,5,4,'2018-08-31','2018-08-30 21:58:52','2018-09-03 19:45:33'),(1,16,'rednaksxrainbowdash',10,10,'Street Fighter V','Sakura',26,15,13,'2018-08-31','2018-08-30 21:58:52','2018-09-03 19:45:33'),(1,17,'Benjammo',5,5,'Street Fighter V','Ryu',1,19,17,'2018-08-31','2018-08-30 21:58:52','2018-09-03 19:45:33'),(1,18,'Fog',1,1,'Street Fighter V','Necali',24,24,21,'2018-08-31','2018-08-30 21:58:52','2018-09-03 19:45:33'),(1,20,NULL,10,10,NULL,NULL,4,15,13,'2018-08-31','2018-08-30 21:58:52','2018-09-03 19:45:33'),(1,22,NULL,5,5,NULL,NULL,32,19,17,'2018-08-31','2018-08-30 21:58:52','2018-09-03 19:45:33'),(1,23,NULL,5,5,NULL,NULL,32,19,17,'2018-08-31','2018-08-30 21:58:52','2018-09-03 19:45:33'),(1,24,NULL,1,1,NULL,NULL,32,24,21,'2018-08-31','2018-08-30 21:58:52','2018-09-03 19:45:33'),(1,25,NULL,1,1,NULL,NULL,32,24,21,'2018-08-31','2018-08-30 21:58:52','2018-09-03 19:45:33'),(1,26,NULL,1,1,NULL,NULL,32,24,21,'2018-08-31','2018-08-30 21:58:52','2018-09-03 19:45:33'),(1,27,NULL,1,1,NULL,NULL,32,24,21,'2018-08-31','2018-08-30 21:58:52','2018-09-03 19:45:33'),(1,28,NULL,45,45,NULL,NULL,23,10,10,'2018-08-31','2018-08-30 21:58:52','2018-09-03 19:45:33'),(1,30,NULL,25,25,NULL,NULL,11,13,9999,'2018-08-31','2018-08-30 21:58:52','2018-09-03 19:45:33'),(1,31,NULL,10,10,NULL,NULL,32,15,9999,'2018-08-31','2018-08-30 21:58:52','2018-09-03 19:45:33'),(1,32,NULL,1,1,NULL,NULL,32,24,9999,'2018-08-31','2018-08-30 21:58:52','2018-09-03 19:45:33'),(1,33,NULL,5,5,NULL,NULL,1,19,9999,'2018-08-31','2018-08-30 21:58:52','2018-09-03 19:45:33');
/*!40000 ALTER TABLE `ranking` ENABLE KEYS */;
UNLOCK TABLES;

--
-- Table structure for table `scoring`
--

DROP TABLE IF EXISTS `scoring`;
/*!40101 SET @saved_cs_client     = @@character_set_client */;
/*!40101 SET character_set_client = utf8 */;
CREATE TABLE `scoring` (
  `id` int(11) NOT NULL AUTO_INCREMENT,
  `id_type_score` int(11) NOT NULL,
  `rank_top` int(11) NOT NULL,
  `rank_bottom` int(11) NOT NULL DEFAULT '999999',
  `score` int(11) NOT NULL,
  `tstp_create` timestamp NOT NULL DEFAULT CURRENT_TIMESTAMP,
  `tstp_update` timestamp NOT NULL DEFAULT CURRENT_TIMESTAMP ON UPDATE CURRENT_TIMESTAMP,
  PRIMARY KEY (`id`),
  UNIQUE KEY `id_type_score` (`id_type_score`,`rank_top`),
  UNIQUE KEY `scoring_idx01` (`id_type_score`,`rank_top`,`rank_bottom`),
  CONSTRAINT `scoring_fk1` FOREIGN KEY (`id_type_score`) REFERENCES `type_score` (`id`)
) ENGINE=InnoDB AUTO_INCREMENT=125 DEFAULT CHARSET=utf8 COLLATE=utf8_bin;
/*!40101 SET character_set_client = @saved_cs_client */;

--
-- Dumping data for table `scoring`
--

LOCK TABLES `scoring` WRITE;
/*!40000 ALTER TABLE `scoring` DISABLE KEYS */;
INSERT INTO `scoring` VALUES (93,15,1,1,150,'2018-09-09 14:53:03','2018-09-09 14:53:03'),(94,15,2,2,100,'2018-09-09 14:53:03','2018-09-09 14:53:03'),(95,15,3,3,70,'2018-09-09 14:53:03','2018-09-09 14:53:03'),(96,15,4,4,45,'2018-09-09 14:53:03','2018-09-09 14:53:03'),(97,15,5,6,25,'2018-09-09 14:53:03','2018-09-09 14:53:03'),(98,15,7,8,10,'2018-09-09 14:53:03','2018-09-09 14:53:03'),(99,15,9,12,5,'2018-09-09 14:53:03','2018-09-09 14:53:03'),(100,15,13,16,1,'2018-09-09 14:53:03','2018-09-09 14:53:03'),(107,16,1,1,70,'2018-09-09 14:53:27','2018-09-09 14:53:27'),(108,16,2,2,45,'2018-09-09 14:53:27','2018-09-09 14:53:27'),(109,16,3,3,25,'2018-09-09 14:53:27','2018-09-09 14:53:27'),(110,16,4,4,10,'2018-09-09 14:53:27','2018-09-09 14:53:27'),(111,16,5,6,5,'2018-09-09 14:53:27','2018-09-09 14:53:27'),(112,16,7,8,1,'2018-09-09 14:53:27','2018-09-09 14:53:27'),(119,17,1,1,70,'2018-09-09 14:53:39','2018-09-09 14:53:39'),(120,17,2,2,45,'2018-09-09 14:53:39','2018-09-09 14:53:39'),(121,17,3,3,25,'2018-09-09 14:53:39','2018-09-09 14:53:39'),(122,17,4,4,10,'2018-09-09 14:53:39','2018-09-09 14:53:39'),(123,17,5,6,5,'2018-09-09 14:53:39','2018-09-09 14:53:39'),(124,17,7,8,1,'2018-09-09 14:53:39','2018-09-09 14:53:39');
/*!40000 ALTER TABLE `scoring` ENABLE KEYS */;
UNLOCK TABLES;

--
-- Table structure for table `season`
--

DROP TABLE IF EXISTS `season`;
/*!40101 SET @saved_cs_client     = @@character_set_client */;
/*!40101 SET character_set_client = utf8 */;
CREATE TABLE `season` (
  `id` int(11) NOT NULL AUTO_INCREMENT,
  `name` varchar(50) NOT NULL,
  `date_start` date NOT NULL,
  `date_end` date NOT NULL,
  PRIMARY KEY (`id`)
) ENGINE=MyISAM AUTO_INCREMENT=15 DEFAULT CHARSET=latin1;
/*!40101 SET character_set_client = @saved_cs_client */;

--
-- Dumping data for table `season`
--

LOCK TABLES `season` WRITE;
/*!40000 ALTER TABLE `season` DISABLE KEYS */;
INSERT INTO `season` VALUES (2,'2018','2018-01-01','2018-12-31'),(3,'2017','2017-01-01','2017-12-31'),(13,'2019','2019-01-01','2019-12-31'),(14,'All','2016-01-01','2019-12-30');
/*!40000 ALTER TABLE `season` ENABLE KEYS */;
UNLOCK TABLES;

--
-- Table structure for table `tournament`
--

DROP TABLE IF EXISTS `tournament`;
/*!40101 SET @saved_cs_client     = @@character_set_client */;
/*!40101 SET character_set_client = utf8 */;
CREATE TABLE `tournament` (
  `id` int(11) NOT NULL AUTO_INCREMENT,
  `id_game` int(11) NOT NULL,
  `group_name` varchar(250) CHARACTER SET latin1 NOT NULL,
  `name` varchar(250) CHARACTER SET latin1 NOT NULL,
  `id_type_score` int(11) NOT NULL,
  `date_start` date NOT NULL,
  `date_end` date DEFAULT NULL,
  `tstp_create` timestamp NOT NULL DEFAULT CURRENT_TIMESTAMP,
  `tstp_update` timestamp NOT NULL DEFAULT CURRENT_TIMESTAMP ON UPDATE CURRENT_TIMESTAMP,
  PRIMARY KEY (`id`),
  KEY `group_name` (`group_name`),
  KEY `group_name_2` (`group_name`,`date_start`),
  KEY `date_start` (`date_start`),
  KEY `tournament_fk1` (`id_game`),
  KEY `tournament_fk2` (`id_type_score`),
  CONSTRAINT `tournament_fk1` FOREIGN KEY (`id_game`) REFERENCES `game` (`id`),
  CONSTRAINT `tournament_fk2` FOREIGN KEY (`id_type_score`) REFERENCES `type_score` (`id`)
) ENGINE=InnoDB AUTO_INCREMENT=21 DEFAULT CHARSET=utf8 COLLATE=utf8_bin;
/*!40101 SET character_set_client = @saved_cs_client */;

--
-- Dumping data for table `tournament`
--

LOCK TABLES `tournament` WRITE;
/*!40000 ALTER TABLE `tournament` DISABLE KEYS */;
INSERT INTO `tournament` VALUES (3,1,'Orange Tournament','OT Tunis 2018-Q2',16,'2018-04-15','2018-04-15','2018-09-12 22:35:54','2018-09-14 15:39:51'),(4,1,'Orange Tournament','OT Bizerte 2018-Q2',16,'2018-04-22','2018-04-22','2018-09-12 22:36:52','2018-09-14 15:40:18'),(5,1,'Orange Tournament','OT Sousse 2018-Q2',16,'2018-04-29','2018-04-29','2018-09-14 09:43:12','2018-09-14 15:40:31'),(6,1,'Orange Tournament','OT Gabes 2018-Q2',16,'2018-05-06','2018-05-06','2018-09-14 09:52:53','2018-09-14 15:46:23'),(7,1,'Orange Tournament','OT Comicon 2018',15,'2018-07-03','2018-07-03','2018-09-14 10:00:05','2018-09-14 15:46:53'),(8,1,'Tunisians Gathering Fighters','TGF 2018-Q1',15,'2018-02-25','2018-02-25','2018-09-14 10:10:14','2018-09-14 15:47:21'),(9,1,'Banzai Tournament','Banzai 2018',15,'2018-08-11','2018-08-11','2018-09-14 10:25:49','2018-09-14 10:28:28'),(10,1,'RyujinCon Tournament','SF V Finals',15,'2018-12-23','2018-12-23','2018-12-24 08:59:31','2018-12-24 08:59:31'),(13,2,'Tunisian Iron Fist','Tunisian Iron Fist',15,'2019-01-13','2019-01-13','2019-02-25 11:07:53','2019-02-25 11:07:53'),(14,1,'TESA','Grand Saber Run',16,'2019-04-28','2019-04-28','2019-04-28 10:57:19','2019-04-28 10:57:19'),(15,2,'TESA','Grand Saber Run',16,'2019-04-28','2019-04-28','2019-04-28 10:57:50','2019-04-28 10:57:50'),(16,2,'Dojo','Dojo',16,'2019-03-31','2019-03-31','2019-04-28 10:58:46','2019-04-28 10:58:46'),(17,1,'Dojo #15','3ayadi',16,'2019-08-10','2019-08-10','2019-08-09 11:09:52','2019-08-09 11:09:52'),(18,2,'Dojo','Undokai 2019',15,'2019-08-17','2019-08-17','2019-08-19 10:28:45','2019-08-19 10:28:45'),(19,1,'Dojo #15','Horyugen vs Shoryuken',16,'2019-08-25','2019-08-25','2019-08-27 10:03:28','2019-08-27 10:03:28'),(20,9,'Dojo #15','Horyugen vs Shoryuken',16,'2019-08-25','2019-08-25','2019-08-28 08:08:13','2019-08-28 08:08:13');
/*!40000 ALTER TABLE `tournament` ENABLE KEYS */;
UNLOCK TABLES;

--
-- Temporary table structure for view `tournament_score`
--

DROP TABLE IF EXISTS `tournament_score`;
/*!50001 DROP VIEW IF EXISTS `tournament_score`*/;
SET @saved_cs_client     = @@character_set_client;
SET character_set_client = utf8;
/*!50001 CREATE TABLE `tournament_score` (
  `id_game` tinyint NOT NULL,
  `id_tournament` tinyint NOT NULL,
  `tournament_group_name` tinyint NOT NULL,
  `tournament_name` tinyint NOT NULL,
  `date_start` tinyint NOT NULL,
  `date_end` tinyint NOT NULL,
  `id_type_score` tinyint NOT NULL,
  `type_score_name` tinyint NOT NULL,
  `id_player` tinyint NOT NULL,
  `ranking` tinyint NOT NULL,
  `score` tinyint NOT NULL
) ENGINE=MyISAM */;
SET character_set_client = @saved_cs_client;

--
-- Table structure for table `type_score`
--

DROP TABLE IF EXISTS `type_score`;
/*!40101 SET @saved_cs_client     = @@character_set_client */;
/*!40101 SET character_set_client = utf8 */;
CREATE TABLE `type_score` (
  `id` int(11) NOT NULL AUTO_INCREMENT,
  `type_name` varchar(50) CHARACTER SET latin1 NOT NULL,
  PRIMARY KEY (`id`)
) ENGINE=InnoDB AUTO_INCREMENT=18 DEFAULT CHARSET=utf8 COLLATE=utf8_bin;
/*!40101 SET character_set_client = @saved_cs_client */;

--
-- Dumping data for table `type_score`
--

LOCK TABLES `type_score` WRITE;
/*!40000 ALTER TABLE `type_score` DISABLE KEYS */;
INSERT INTO `type_score` VALUES (15,'Global'),(16,'Regional'),(17,'Online');
/*!40000 ALTER TABLE `type_score` ENABLE KEYS */;
UNLOCK TABLES;

--
-- Table structure for table `user`
--

DROP TABLE IF EXISTS `user`;
/*!40101 SET @saved_cs_client     = @@character_set_client */;
/*!40101 SET character_set_client = utf8 */;
CREATE TABLE `user` (
  `login` varchar(40) CHARACTER SET latin1 NOT NULL,
  `password` varchar(40) CHARACTER SET latin1 NOT NULL,
  `right` varchar(30) CHARACTER SET latin1 NOT NULL,
  `tstp_create` timestamp NOT NULL DEFAULT CURRENT_TIMESTAMP,
  `tstp_update` timestamp NOT NULL DEFAULT CURRENT_TIMESTAMP ON UPDATE CURRENT_TIMESTAMP,
  UNIQUE KEY `login` (`login`),
  KEY `login_2` (`login`)
) ENGINE=InnoDB DEFAULT CHARSET=utf8 COLLATE=utf8_bin;
/*!40101 SET character_set_client = @saved_cs_client */;

--
-- Dumping data for table `user`
--

LOCK TABLES `user` WRITE;
/*!40000 ALTER TABLE `user` DISABLE KEYS */;
INSERT INTO `user` VALUES ('admin','00b958977eebc9b18a11f08cbde7e810','admin','2018-09-08 23:10:20','2018-09-08 23:10:20');
/*!40000 ALTER TABLE `user` ENABLE KEYS */;
UNLOCK TABLES;

--
-- Dumping events for database 'tesatnsimbtesadb'
--

--
-- Dumping routines for database 'tesatnsimbtesadb'
--

--
-- Final view structure for view `tournament_score`
--

/*!50001 DROP TABLE IF EXISTS `tournament_score`*/;
/*!50001 DROP VIEW IF EXISTS `tournament_score`*/;
/*!50001 SET @saved_cs_client          = @@character_set_client */;
/*!50001 SET @saved_cs_results         = @@character_set_results */;
/*!50001 SET @saved_col_connection     = @@collation_connection */;
/*!50001 SET character_set_client      = utf8 */;
/*!50001 SET character_set_results     = utf8 */;
/*!50001 SET collation_connection      = utf8_unicode_ci */;
/*!50001 CREATE ALGORITHM=UNDEFINED */
/*!50013 DEFINER=`tesatnsimbtesadb`@`%` SQL SECURITY DEFINER */
/*!50001 VIEW `tournament_score` AS select `t`.`id_game` AS `id_game`,`t`.`id` AS `id_tournament`,`t`.`group_name` AS `tournament_group_name`,`t`.`name` AS `tournament_name`,`t`.`date_start` AS `date_start`,`t`.`date_end` AS `date_end`,`ts`.`id` AS `id_type_score`,`ts`.`type_name` AS `type_score_name`,`pp`.`id_player` AS `id_player`,`pp`.`ranking` AS `ranking`,`s`.`score` AS `score` from (((`tournament` `t` join `participant` `pp` on((`pp`.`id_tournament` = `t`.`id`))) join `type_score` `ts` on((`ts`.`id` = `t`.`id_type_score`))) left join `scoring` `s` on(((`s`.`id_type_score` = `ts`.`id`) and (`pp`.`ranking` >= `s`.`rank_top`) and (`pp`.`ranking` <= `s`.`rank_bottom`)))) */;
/*!50001 SET character_set_client      = @saved_cs_client */;
/*!50001 SET character_set_results     = @saved_cs_results */;
/*!50001 SET collation_connection      = @saved_col_connection */;
/*!40103 SET TIME_ZONE=@OLD_TIME_ZONE */;

/*!40101 SET SQL_MODE=@OLD_SQL_MODE */;
/*!40014 SET FOREIGN_KEY_CHECKS=@OLD_FOREIGN_KEY_CHECKS */;
/*!40014 SET UNIQUE_CHECKS=@OLD_UNIQUE_CHECKS */;
/*!40101 SET CHARACTER_SET_CLIENT=@OLD_CHARACTER_SET_CLIENT */;
/*!40101 SET CHARACTER_SET_RESULTS=@OLD_CHARACTER_SET_RESULTS */;
/*!40101 SET COLLATION_CONNECTION=@OLD_COLLATION_CONNECTION */;
/*!40111 SET SQL_NOTES=@OLD_SQL_NOTES */;

-- Dump completed on 2021-03-09 18:25:02
